sampleID,barcode,proximal,distal,v_region,HbA1C,sex,age_at_visit,height,weight,BMI,sequence_run,ALT,HOMA,experiment_center,sample_type,Description,waist,hip,arm_circ,pulse2,labid,cholesterol,triglycerides,hdl_chol,ldl_chol,crp,mmol_gluc,homa_ir,homa_beta
BD0017v13,TCAGCACGC,ATTACCGCGGCTGCTGG,AGAGTTTGATCCTGGCTCAG,V3V1,4.6,F,57,149.5,77.6,34.7,1,42,8.64,BCM,stool,CCHC,115,109,32.3,54,5Y0005,226,113,43,123.4,6.1,5.225,0.952111111,47.53623188
BD0022v13,TCAGCGCAAC,ATTACCGCGGCTGCTGG,AGAGTTTGATCCTGGCTCAG,V3V1,4.3,F,60,151,62.6,27.5,1,37,4.32,BCM,stool,CCHC,97,107.5,27.2,70,5Y0010,230,83,51,104.4,4.38,4.895,0.957244444,63.08243728
BD0027v13,TCAGTGAAGC,ATTACCGCGGCTGCTGG,AGAGTTTGATCCTGGCTCAG,V3V1,9.4,F,59,156.5,56,22.9,1,27,5.39,BCM,stool,CCHC,98.3,98.2,25.8,80,5Y0021,365,212,49,227.6,23.57,11.55,2.361333333,11.42857143
BD0040v13,TCAGACTTGC,ATTACCGCGGCTGCTGG,AGAGTTTGATCCTGGCTCAG,V3V1,5,F,69,146.5,67.3,31.4,1,49,0.94,BCM,stool,CCHC,116.8,111.7,36.5,72,5Y0014,355,150,57,179,2.93,4.73,0.252266667,19.51219512
BD0044v13,TCAGTCACAC,ATTACCGCGGCTGCTGG,AGAGTTTGATCCTGGCTCAG,V3V1,5.8,F,73,157,96.6,39.2,1,32,4.03,BCM,stool,CCHC,137.5,136.5,33.9,70,5Y0019,217,134,44,105.2,6.46,6.71,3.966355556,82.86604361
BD0057v13,TCAGCGTGAC,ATTACCGCGGCTGCTGG,AGAGTTTGATCCTGGCTCAG,V3V1,4.6,F,62,151,59,25.9,1,31,2.63,BCM,stool,CCHC,86,99,27.8,60,5Y0006,285,113,48,128.4,6.13,5.885,4.498755556,144.2348008
BD0072v13,TCAGACGCGC,ATTACCGCGGCTGCTGG,AGAGTTTGATCCTGGCTCAG,V3V1,5.2,F,68,146.7,57.7,26.8,1,31,1.77,BCM,stool,CCHC,87,99.5,30,68,5Y0018,341,141,63,201.8,7.48,5.665,1.913511111,70.20785219
BD0112v13,TCAGCCTCTC,ATTACCGCGGCTGCTGG,AGAGTTTGATCCTGGCTCAG,V3V1,5.2,F,53,159,77.5,30.7,1,47,22.52,BCM,stool,CCHC,104.2,105,35,76,5Y0023,220,96,46,132.8,13.11,5.28,5.397333333,258.4269663
BD0115v13,TCAGACTCAC,ATTACCGCGGCTGCTGG,AGAGTTTGATCCTGGCTCAG,V3V1,6.2,F,72,146.7,57,26.5,1,74,5.31,BCM,stool,CCHC,92.3,102.2,27.8,72,5Y0095,194,173,41,158.4,2.3,9.075,2.621666667,23.31838565
BD0190v13,TCAGCACGC,ATTACCGCGGCTGCTGG,AGAGTTTGATCCTGGCTCAG,V3V1,5,F,68,149.3,83.3,37.4,2,40,3.42,BCM,stool,CCHC,115.5,124,41.8,72,5Y0089,171,133,48,131.4,15.1,5.995,2.771022222,83.36673347
BD0235v13,TCAGAGACAC,ATTACCGCGGCTGCTGG,AGAGTTTGATCCTGGCTCAG,V3V1,4.8,M,53,165.2,84.3,30.9,3,48,unk,BCM,stool,CCHC,104.5,111.8,36,64,5Y0068,159,90,39,123,4.01,5.61,4.687466667,178.1990521
BD0246v13,TCAGCACGC,ATTACCGCGGCTGCTGG,AGAGTTTGATCCTGGCTCAG,V3V1,4.2,F,57,151.3,54.4,23.8,3,36,0.87,BCM,stool,CCHC,80,95,27.1,48,5Y0041,200,81,53,114.8,1.5,4.84,0.688355556,47.76119403
BD0247v13,TCAGCGCAAC,ATTACCGCGGCTGCTGG,AGAGTTTGATCCTGGCTCAG,V3V1,4.6,M,55,163.7,59.3,22.1,3,35,2.14,BCM,stool,CCHC,89.9,96.6,25.7,64,5Y0042,284,330,45,132,2.37,5.39,4.072444444,179.8941799
BD0255v13,TCAGTGAAGC,ATTACCGCGGCTGCTGG,AGAGTTTGATCCTGGCTCAG,V3V1,4.4,F,56,153.8,113.3,47.9,2,40,1.48,BCM,stool,CCHC,142,149.2,37.2,66,5Y0107,149,70,48,81,34.7,3.96,0.8272,204.3478261
BD0266v13,TCAGAGACAC,ATTACCGCGGCTGCTGG,AGAGTTTGATCCTGGCTCAG,V3V1,4,F,66,154.2,95.9,40.3,1,34,3.77,BCM,stool,CCHC,124,122.3,39.4,96,5Y0071,308,163,60,148.4,2.64,5.665,2.190466667,80.36951501
BD0295v13,TCAGACTTGC,ATTACCGCGGCTGCTGG,AGAGTTTGATCCTGGCTCAG,V3V1,4.9,M,44,165,94,34.5,2,54,2.92,BCM,stool,CCHC,114.1,121.5,36.1,62,5Y0108,295,106,67,176.8,6.92,5.555,2.049177778,80.77858881
BD0300v13,TCAGTCACAC,ATTACCGCGGCTGCTGG,AGAGTTTGATCCTGGCTCAG,V3V1,4.5,F,51,154.6,71.7,30,2,36,2.59,BCM,stool,CCHC,88.7,106.5,33.8,68,5Y0140,223,310,42,101,1.92,5.39,7.593911111,335.4497354
BD0313v13,TCAGCCAGGAC,ATTACCGCGGCTGCTGG,AGAGTTTGATCCTGGCTCAG,V3V1,5.1,F,51,154.7,83.4,34.8,4,38,5.43,BCM,stool,CCHC,109,114,39.5,54,5Y0241,195,171,44,115.8,2.6,5.555,6.740066667,265.6934307
BD0318v13,TCAGACTCCTC,ATTACCGCGGCTGCTGG,AGAGTTTGATCCTGGCTCAG,V3V1,5.1,F,48,158.4,72.5,28.9,4,35,3.42,BCM,stool,CCHC,93.5,109.1,29.8,60,5Y0244,210,101,50,114.8,2.62,4.895,1.979755556,130.4659498
BD0321v13,TCAGTTCATAC,ATTACCGCGGCTGCTGG,AGAGTTTGATCCTGGCTCAG,V3V1,5,F,43,151.2,73.1,32,4,37,2.18,BCM,stool,CCHC,86,111.5,31.8,76,5Y0243,149,184,47,115.2,3.85,5.005,3.737066667,223.255814
BD0331v13,TCAGCAAGAAC,ATTACCGCGGCTGCTGG,AGAGTTTGATCCTGGCTCAG,V3V1,5.4,F,66,156.5,79,32.3,1,53,7.72,BCM,stool,CCHC,97,106.6,34.5,68,5Y0075,235,271,56,127.8,11.43,16.335,11.1078,23.8410596
BD0351v13,TCAGAGCTTC,ATTACCGCGGCTGCTGG,AGAGTTTGATCCTGGCTCAG,V3V1,7.4,F,66,154,112,47.2,1,42,12.39,BCM,stool,CCHC,142,140,42.4,66,5Y0090,149,120,40,109,16.1,8.25,4.253333333,48.84210526
BD0375v13,TCAGCGTGAC,ATTACCGCGGCTGCTGG,AGAGTTTGATCCTGGCTCAG,V3V1,5.3,F,51,150.8,77.9,34.3,2,41,6.65,BCM,stool,CCHC,106.1,107.9,36,76,5Y0104,201,264,42,116.2,5.52,5.885,3.007888889,96.4360587
BD0409v13,TCAGCGTCGTC,ATTACCGCGGCTGCTGG,AGAGTTTGATCCTGGCTCAG,V3V1,5.1,F,49,152.8,76.9,32.9,4,25,3.41,BCM,stool,CCHC,97.4,111.5,33.1,70,5Y0211,244,78,48,122.4,3.16,5.61,3.690133333,140.2843602
BD0410v13,TCAGAAGGCAC,ATTACCGCGGCTGCTGG,AGAGTTTGATCCTGGCTCAG,V3V1,6.1,F,45,160.5,82.1,31.9,4,79,11.68,BCM,stool,CCHC,104,114,38,62,5Y0230,212,176,48,111.8,10.43,9.24,15.4,130.6620209
BD0414v13,TCAGACGCGC,ATTACCGCGGCTGCTGG,AGAGTTTGATCCTGGCTCAG,V3V1,5,F,54,147,63.4,29.3,2,27,2.5,BCM,stool,CCHC,104.5,106,33.9,66,5Y0103,189,103,50,125.4,1.35,6.38,1.417777778,34.72222222
BD0422v13,TCAGAAGCCGC,ATTACCGCGGCTGCTGG,AGAGTTTGATCCTGGCTCAG,V3V1,5.3,F,42,161.4,85.7,32.9,1,86,5.2,BCM,stool,CCHC,103.3,109,33.2,68,5Y0100,222,346,46,110.8,5.26,7.48,7.1808,108.5427136
BD0436v13,TCAGAACAACTC,ATTACCGCGGCTGCTGG,AGAGTTTGATCCTGGCTCAG,V3V1,5.4,F,62,146.5,68.3,31.8,4,46,4.12,BCM,stool,CCHC,95,102,31.5,66,5Y0242,258,358,55,109.4,3.21,5.5,2.64,108
BD0464v13,TCAGCCTCTC,ATTACCGCGGCTGCTGG,AGAGTTTGATCCTGGCTCAG,V3V1,10,F,53,172.1,109.1,36.8,2,unk,unk,BCM,stool,CCHC,126.8,121.7,35,64,5Y0105,310,139,85,139.2,9.73,13.915,6.431822222,19.97119539
BD0468v13,TCAGACACGGAC,ATTACCGCGGCTGCTGG,AGAGTTTGATCCTGGCTCAG,V3V1,5.3,F,70,162.5,72.8,27.6,4,unk,unk,BCM,stool,CCHC,110,108.5,32.5,58,5Y0185,136,108,54,70.4,8.47,5.72,5.313244444,188.2882883
BD0552v13,TCAGTATTCGTC,ATTACCGCGGCTGCTGG,AGAGTTTGATCCTGGCTCAG,V3V1,5.5,F,45,158.2,91.7,36.6,4,28,5.85,BCM,stool,CCHC,126.6,121.3,38.5,66,5Y0245,192,79,30,119.2,17.37,4.51,1.062355556,104.950495
BD0553v13,TCAGTAGGAATC,ATTACCGCGGCTGCTGG,AGAGTTTGATCCTGGCTCAG,V3V1,5.6,M,47,174,100.6,33.2,4,51,10.66,BCM,stool,CCHC,109,117,35.8,72,5Y0249,209,165,35,134,1.81,5.83,5.544977778,183.6909871
BD0571v13,TCAGTGCCGAAC,ATTACCGCGGCTGCTGG,AGAGTTTGATCCTGGCTCAG,V3V1,5.2,F,57,154.5,67.8,28.4,4,36,5.03,BCM,stool,CCHC,100.5,110.7,29.2,60,5Y0255,231,112,49,173.6,2.23,6.27,5.2668,136.4620939
BD0578v13,TCAGACTCAC,ATTACCGCGGCTGCTGG,AGAGTTTGATCCTGGCTCAG,V3V1,4.3,F,67,162,94.9,36.2,2,33,4.58,BCM,stool,CCHC,119.2,125.7,38.8,68,5Y0117,190,108,44,115.4,3.52,5.115,3.41,185.7585139
BD0587v13,TCAGAGACAC,ATTACCGCGGCTGCTGG,AGAGTTTGATCCTGGCTCAG,V3V1,5.2,F,61,157.4,71.2,28.7,2,28,6.7,BCM,stool,CCHC,112.5,109,34.2,70,5Y0143,198,118,68,78.4,9.25,5.555,0.691288889,27.25060827
BD0592v13,TCAGCGACTC,ATTACCGCGGCTGCTGG,AGAGTTTGATCCTGGCTCAG,V3V1,4.7,F,51,159.7,92.8,36.4,2,76,13.6,BCM,stool,CCHC,114.8,122.7,40.1,74,5Y0115,216,73,52,119.4,5.69,6.93,3.5112,66.47230321
BD0594v13,TCAGAGCTTC,ATTACCGCGGCTGCTGG,AGAGTTTGATCCTGGCTCAG,V3V1,4.2,M,38,179,100.4,31.3,2,54,1.15,BCM,stool,CCHC,105.5,115.4,36.3,52,5Y0142,137,589,32,NA,0.5,6.545,23.21293333,524.137931
BD0610v13,TCAGAAGCCGC,ATTACCGCGGCTGCTGG,AGAGTTTGATCCTGGCTCAG,V3V1,4.7,F,43,149.8,75.6,33.7,2,36,2.16,BCM,stool,CCHC,106.5,117.4,31.4,66,5Y0122,163,102,51,79.6,20.22,5.775,4.851,166.1538462
BD0611v13,TCAGCAAGAAC,ATTACCGCGGCTGCTGG,AGAGTTTGATCCTGGCTCAG,V3V1,4.4,F,61,152,75.9,32.9,2,28,2.84,BCM,stool,CCHC,94,117.9,30,78,5Y0120,205,135,54,132,4.09,5.335,2.228844444,102.4523161
BD0613v13,TCAGCGTGAC,ATTACCGCGGCTGCTGG,AGAGTTTGATCCTGGCTCAG,V3V1,4.3,M,71,166,64.7,23.5,3,29,1.76,BCM,stool,CCHC,91.1,99.9,29.6,66,5Y0127,145,126,40,56.8,0.56,7.92,5.456,70.13574661
BD0616v13,TCAGTATCAAC,ATTACCGCGGCTGCTGG,AGAGTTTGATCCTGGCTCAG,V3V1,4.6,F,45,148.3,84.3,38.3,2,unk,unk,BCM,stool,CCHC,116,112.8,35.8,58,5Y0119,215,83,46,129.4,3.29,5.225,4.760555556,237.6811594
BD0636v13,TCAGAGGCGGC,ATTACCGCGGCTGCTGG,AGAGTTTGATCCTGGCTCAG,V3V1,5,F,81,155.6,84.8,35,2,31,5.26,BCM,stool,CCHC,124.2,124.5,30.1,66,5Y0132,172,202,49,80.6,0.92,6.765,2.645866667,53.9050536
BD0643v13,TCAGCGGTATC,ATTACCGCGGCTGCTGG,AGAGTTTGATCCTGGCTCAG,V3V1,4.2,F,53,158.1,87.9,35.2,2,34,1.62,BCM,stool,CCHC,114.4,123,34.5,56,5Y0116,172,138,32,98.4,8.63,5.06,2.968533333,169.2307692
BD0653v13,TCAGACTTGC,ATTACCGCGGCTGCTGG,AGAGTTTGATCCTGGCTCAG,V3V1,4.5,F,65,154,54,22.8,3,31,2.06,BCM,stool,CCHC,80.7,101.7,26.7,64,5Y0124,211,76,54,163.8,1.8,5.17,0.8272,43.11377246
BD0654v13,TCAGTGAAGC,ATTACCGCGGCTGCTGG,AGAGTTTGATCCTGGCTCAG,V3V1,4.8,M,64,179.2,79.9,24.9,3,35,2.02,BCM,stool,CCHC,101.2,104.4,31.4,64,5Y0123,194,166,50,116.8,1.77,5.28,2.0416,97.75280899
BD0673v13,TCAGCCTCTC,ATTACCGCGGCTGCTGG,AGAGTTTGATCCTGGCTCAG,V3V1,4,F,48,147.7,64.5,29.6,3,59,3.06,BCM,stool,CCHC,96.2,104.9,32.7,62,5Y0129,263,137,61,136.6,3.87,5.445,4.3802,186.1182519
BD0735v13,TCAGACAAGGC,ATTACCGCGGCTGCTGG,AGAGTTTGATCCTGGCTCAG,V3V1,4.6,F,55,152.6,74.7,32.1,2,32,1.01,BCM,stool,CCHC,92.4,112.3,38.5,66,5Y0141,256,214,55,173.2,4.73,4.895,1.588155556,104.6594982
BD0758v13,TCAGAGACCTC,ATTACCGCGGCTGCTGG,AGAGTTTGATCCTGGCTCAG,V3V1,4.6,F,36,151.5,62,27,2,unk,unk,BCM,stool,CCHC,92.8,99.8,30,70,5Y0145,166,92,44,106.6,0.5,4.675,1.142777778,93.61702128
BD0760v13,TCAGATACCAC,ATTACCGCGGCTGCTGG,AGAGTTTGATCCTGGCTCAG,V3V1,5.7,F,46,149.8,77.1,34.4,2,70,5.47,BCM,stool,CCHC,104,118,38,80,5Y0137,184,104,44,120.2,5.29,6.765,5.171466667,105.3598775
BD0764v13,TCAGAAGGTGC,ATTACCGCGGCTGCTGG,AGAGTTTGATCCTGGCTCAG,V3V1,5.1,M,33,176.2,83.7,27,4,38,3.54,BCM,stool,CCHC,92.3,102.6,33.2,60,5Y0173,167,80,53,124,1.05,6.05,2.823333333,82.35294118
BD0777v13,TCAGCGACTC,ATTACCGCGGCTGCTGG,AGAGTTTGATCCTGGCTCAG,V3V1,4.1,M,41,168.2,87.1,30.8,3,47,4.09,BCM,stool,CCHC,103.3,109.3,33.2,70,5Y0156,261,187,43,159.6,1.98,5.61,3.789866667,144.0758294
BD0778v13,TCAGTCTTGGC,ATTACCGCGGCTGCTGG,AGAGTTTGATCCTGGCTCAG,V3V1,4.9,M,81,167.5,91,32.4,4,unk,unk,BCM,stool,CCHC,109.6,108,34.2,56,5Y0200,156,112,50,102.6,0.35,5.225,2.995666667,149.5652174
BD0779v13,TCAGTAATCTC,ATTACCGCGGCTGCTGG,AGAGTTTGATCCTGGCTCAG,V3V1,4.7,F,62,156.5,71.4,29.2,4,38,2.95,BCM,stool,CCHC,96.8,108.5,30.9,68,5Y0201,130,58,58,75.4,2.74,6.105,4.3142,122.0729367
BD0786v13,TCAGTCACCTC,ATTACCGCGGCTGCTGG,AGAGTTTGATCCTGGCTCAG,V3V1,11,M,52,168.3,115.5,40.8,4,44,23.34,BCM,stool,CCHC,131.2,122.5,41.5,90,5Y0168,123,526,25,NA,1.56,15.565,18.0554,43.26564443
BD0789v13,TCAGTCCGCTC,ATTACCGCGGCTGCTGG,AGAGTTTGATCCTGGCTCAG,V3V1,5.3,F,70,149.3,63.7,28.6,4,33,5.16,BCM,stool,CCHC,100.6,106.7,32.7,76,5Y0169,146,148,45,68.4,1.64,7.315,2.0482,33.02752294
BD0790v13,TCAGTATTGAC,ATTACCGCGGCTGCTGG,AGAGTTTGATCCTGGCTCAG,V3V1,4.7,F,53,161,73,28.2,4,39,3.19,BCM,stool,CCHC,106.4,110,33.8,64,5Y0167,135,101,57,55.8,21.62,5.335,3.058733333,140.599455
BD0791v13,TCAGAGTCGAC,ATTACCGCGGCTGCTGG,AGAGTTTGATCCTGGCTCAG,V3V1,6.4,M,73,167.3,100.5,35.9,4,33,3.16,BCM,stool,CCHC,113.5,119.2,33,58,5Y0170,176,167,43,99.6,4.22,11.055,6.633,35.73792191
BD0821v13,TCAGAGCTTC,ATTACCGCGGCTGCTGG,AGAGTTTGATCCTGGCTCAG,V3V1,4.1,F,40,162.1,70.6,26.9,3,33,1.79,BCM,stool,CCHC,89.3,102.8,32.8,68,5Y0162,192,87,46,115.6,2.13,5.335,3.604088889,165.6675749
BD0913v13,TCAGCCGGCCAC,ATTACCGCGGCTGCTGG,AGAGTTTGATCCTGGCTCAG,V3V1,7.4,F,62,155.5,82.8,34.2,4,33,2.65,BCM,stool,CCHC,95,118,33,68,5Y0235,133,142,40,52.6,3.54,5.225,3.947777778,197.1014493
BD0914v13,TCAGAATGGTAC,ATTACCGCGGCTGCTGG,AGAGTTTGATCCTGGCTCAG,V3V1,5,M,67,164.2,81.7,30.3,4,38,7.93,BCM,stool,CCHC,102,106.8,28.6,66,5Y0172,193,214,41,136.2,1.66,6.05,4.786222222,139.6078431
BD0933v13,TCAGTCTCGAC,ATTACCGCGGCTGCTGG,AGAGTTTGATCCTGGCTCAG,V3V1,5.3,M,72,165.8,79.4,28.9,4,36,2.37,BCM,stool,CCHC,99,106,32,54,5Y0246,273,113,37,161.4,0.77,5.83,2.176533333,72.10300429
BD0954v13,TCAGACGGCTC,ATTACCGCGGCTGCTGG,AGAGTTTGATCCTGGCTCAG,V3V1,5.9,M,67,163.1,71.6,26.9,4,37,1.22,BCM,stool,CCHC,97,102.6,32,76,5Y0183,100,88,37,48.4,4.23,6.985,1.086555556,20.08608321
BD0981v13,TCAGTGCGTTC,ATTACCGCGGCTGCTGG,AGAGTTTGATCCTGGCTCAG,V3V1,4.9,F,63,151.5,62.3,27.1,4,33,1.83,BCM,stool,CCHC,83.4,105.1,28.2,66,5Y0184,174,168,65,85.4,0.88,5.72,1.652444444,58.55855856
